{
  "AGV-3934": {
    "id": "AGV-3934",
    "x": 21495.690276209338,
    "y": 43258.40636324101,
    "theta": 1.5551021321509302,
    "v": 0,
    "omega": 0,
    "l_rpm": 0,
    "r_rpm": 0,
    "target": {
      "x": 25000,
      "y": 43000
    },
    "status": "IDLE",
    "mode": "SIMULATION",
    "is_running": false,
    "is_planning": false,
    "path": [
      [
        21495.690276209338,
        43258.40636324101
      ],
      [
        21500.0,
        41500.0
      ],
      [
        21700.0,
        41566.666666666664
      ],
      [
        21900.0,
        41500.0
      ],
      [
        22100.0,
        41300.0
      ],
      [
        22300.0,
        41100.0
      ],
      [
        22500.0,
        40900.0
      ],
      [
        22700.0,
        40766.666666666664
      ],
      [
        22900.0,
        40766.666666666664
      ],
      [
        23100.0,
        40900.0
      ],
      [
        23300.0,
        41033.333333333336
      ],
      [
        23500.0,
        41166.666666666664
      ],
      [
        23700.0,
        41300.0
      ],
      [
        23900.0,
        41500.0
      ],
      [
        24100.0,
        41700.0
      ],
      [
        24300.0,
        41900.0
      ],
      [
        24500.0,
        42100.0
      ],
      [
        24700.0,
        42300.0
      ],
      [
        24833.333333333332,
        42500.0
      ],
      [
        24966.666666666668,
        42700.0
      ],
      [
        25000.0,
        42866.666666666664
      ],
      [
        25000,
        43000
      ]
    ],
    "visited": [
      [
        108,
        208
      ],
      [
        109,
        207
      ],
      [
        108,
        207
      ],
      [
        107,
        207
      ],
      [
        110,
        206
      ],
      [
        109,
        206
      ],
      [
        110,
        207
      ],
      [
        108,
        206
      ],
      [
        109,
        208
      ],
      [
        108,
        206
      ],
      [
        111,
        206
      ],
      [
        111,
        205
      ],
      [
        110,
        205
      ],
      [
        107,
        206
      ],
      [
        112,
        205
      ],
      [
        109,
        205
      ],
      [
        111,
        207
      ],
      [
        112,
        206
      ],
      [
        106,
        206
      ],
      [
        112,
        204
      ],
      [
        109,
        205
      ],
      [
        112,
        205
      ],
      [
        107,
        208
      ],
      [
        113,
        205
      ],
      [
        108,
        205
      ],
      [
        111,
        204
      ],
      [
        113,
        206
      ],
      [
        108,
        205
      ],
      [
        113,
        204
      ],
      [
        112,
        207
      ],
      [
        110,
        204
      ],
      [
        113,
        204
      ],
      [
        113,
        203
      ],
      [
        114,
        205
      ],
      [
        106,
        207
      ],
      [
        114,
        206
      ],
      [
        114,
        204
      ],
      [
        110,
        208
      ],
      [
        114,
        203
      ],
      [
        115,
        204
      ],
      [
        112,
        203
      ],
      [
        116,
        205
      ],
      [
        107,
        205
      ],
      [
        110,
        204
      ],
      [
        109,
        204
      ],
      [
        115,
        204
      ],
      [
        115,
        203
      ],
      [
        116,
        204
      ],
      [
        117,
        205
      ],
      [
        118,
        206
      ],
      [
        119,
        207
      ],
      [
        120,
        208
      ],
      [
        121,
        209
      ],
      [
        113,
        207
      ],
      [
        122,
        210
      ],
      [
        123,
        211
      ],
      [
        117,
        206
      ],
      [
        115,
        205
      ],
      [
        120,
        209
      ],
      [
        114,
        203
      ],
      [
        124,
        212
      ],
      [
        121,
        210
      ],
      [
        122,
        211
      ],
      [
        115,
        206
      ],
      [
        115,
        205
      ],
      [
        123,
        212
      ],
      [
        114,
        204
      ],
      [
        124,
        213
      ],
      [
        109,
        204
      ],
      [
        116,
        203
      ],
      [
        117,
        204
      ],
      [
        118,
        205
      ],
      [
        119,
        206
      ],
      [
        114,
        207
      ],
      [
        120,
        207
      ],
      [
        121,
        208
      ],
      [
        125,
        214
      ],
      [
        125,
        215
      ]
    ],
    "max_rpm": 3000.0,
    "culprit_id": null,
    "evasion_target": null
  },
  "AGV-9AF2": {
    "id": "AGV-9AF2",
    "x": 31419.082038732235,
    "y": 28128.313803712994,
    "theta": 2.7466869145926447,
    "v": 0,
    "omega": 0,
    "l_rpm": 0,
    "r_rpm": 0,
    "target": {
      "x": 31600,
      "y": 28000
    },
    "status": "IDLE",
    "mode": "SIMULATION",
    "is_running": false,
    "is_planning": false,
    "path": [
      [
        30700.0,
        28300.0
      ],
      [
        30900.0,
        28433.333333333332
      ],
      [
        31100.0,
        28500.0
      ],
      [
        31300.0,
        28433.333333333332
      ],
      [
        31466.666666666668,
        28266.666666666668
      ],
      [
        31600,
        28000
      ]
    ],
    "visited": [
      [
        161,
        144
      ],
      [
        160,
        145
      ],
      [
        159,
        145
      ],
      [
        158,
        145
      ],
      [
        157,
        145
      ],
      [
        156,
        145
      ],
      [
        155,
        145
      ],
      [
        154,
        145
      ],
      [
        153,
        145
      ],
      [
        152,
        145
      ],
      [
        151,
        145
      ],
      [
        150,
        145
      ]
    ],
    "max_rpm": 3000.0,
    "culprit_id": null,
    "evasion_target": null
  }
}