{
  "AGV-3934": {
    "id": "AGV-3934",
    "x": 30950.985642109874,
    "y": 21163.154829598087,
    "theta": 1.868565656289205,
    "v": 0,
    "omega": 0,
    "l_rpm": 0,
    "r_rpm": 0,
    "target": {
      "x": 31000,
      "y": 9000
    },
    "status": "IDLE",
    "mode": "SIMULATION",
    "is_running": false,
    "is_planning": false,
    "path": [
      [
        31100.0,
        21300.0
      ],
      [
        31100.0,
        21100.0
      ],
      [
        31100.0,
        20900.0
      ],
      [
        31100.0,
        20700.0
      ],
      [
        31100.0,
        20500.0
      ],
      [
        31100.0,
        20300.0
      ],
      [
        31100.0,
        20100.0
      ],
      [
        31100.0,
        19900.0
      ],
      [
        31100.0,
        19700.0
      ],
      [
        31100.0,
        19500.0
      ],
      [
        31100.0,
        19300.0
      ],
      [
        31100.0,
        19100.0
      ],
      [
        31100.0,
        18900.0
      ],
      [
        31100.0,
        18700.0
      ],
      [
        31100.0,
        18500.0
      ],
      [
        31100.0,
        18300.0
      ],
      [
        31100.0,
        18100.0
      ],
      [
        31100.0,
        17900.0
      ],
      [
        31100.0,
        17700.0
      ],
      [
        31100.0,
        17500.0
      ],
      [
        31100.0,
        17300.0
      ],
      [
        31100.0,
        17100.0
      ],
      [
        31100.0,
        16900.0
      ],
      [
        31100.0,
        16700.0
      ],
      [
        31100.0,
        16500.0
      ],
      [
        31100.0,
        16300.0
      ],
      [
        31100.0,
        16100.0
      ],
      [
        31100.0,
        15900.0
      ],
      [
        31100.0,
        15700.0
      ],
      [
        31100.0,
        15500.0
      ],
      [
        31100.0,
        15300.0
      ],
      [
        31100.0,
        15100.0
      ],
      [
        31100.0,
        14900.0
      ],
      [
        31100.0,
        14700.0
      ],
      [
        31100.0,
        14500.0
      ],
      [
        31100.0,
        14300.0
      ],
      [
        31100.0,
        14100.0
      ],
      [
        31100.0,
        13900.0
      ],
      [
        31100.0,
        13700.0
      ],
      [
        31100.0,
        13500.0
      ],
      [
        31100.0,
        13300.0
      ],
      [
        31100.0,
        13100.0
      ],
      [
        31100.0,
        12900.0
      ],
      [
        31100.0,
        12700.0
      ],
      [
        31100.0,
        12500.0
      ],
      [
        31100.0,
        12300.0
      ],
      [
        31100.0,
        12100.0
      ],
      [
        31100.0,
        11900.0
      ],
      [
        31100.0,
        11700.0
      ],
      [
        31100.0,
        11500.0
      ],
      [
        31100.0,
        11300.0
      ],
      [
        31100.0,
        11100.0
      ],
      [
        31100.0,
        10900.0
      ],
      [
        31100.0,
        10700.0
      ],
      [
        31100.0,
        10500.0
      ],
      [
        31100.0,
        10300.0
      ],
      [
        31100.0,
        10100.0
      ],
      [
        31100.0,
        9900.0
      ],
      [
        31100.0,
        9700.0
      ],
      [
        31100.0,
        9500.0
      ],
      [
        31066.666666666668,
        9266.666666666666
      ],
      [
        31000,
        9000
      ]
    ],
    "visited": [
      [
        155,
        106
      ],
      [
        155,
        105
      ],
      [
        155,
        104
      ],
      [
        155,
        103
      ],
      [
        155,
        102
      ],
      [
        155,
        101
      ],
      [
        155,
        100
      ],
      [
        155,
        99
      ],
      [
        155,
        98
      ],
      [
        155,
        97
      ],
      [
        155,
        96
      ],
      [
        155,
        95
      ],
      [
        155,
        94
      ],
      [
        155,
        93
      ],
      [
        155,
        92
      ],
      [
        155,
        91
      ],
      [
        155,
        90
      ],
      [
        155,
        89
      ],
      [
        155,
        88
      ],
      [
        155,
        87
      ],
      [
        155,
        86
      ],
      [
        155,
        85
      ],
      [
        155,
        84
      ],
      [
        155,
        83
      ],
      [
        155,
        82
      ],
      [
        155,
        81
      ],
      [
        155,
        80
      ],
      [
        155,
        79
      ],
      [
        155,
        78
      ],
      [
        155,
        77
      ],
      [
        155,
        76
      ],
      [
        155,
        75
      ],
      [
        155,
        74
      ],
      [
        155,
        73
      ],
      [
        155,
        72
      ],
      [
        155,
        71
      ],
      [
        155,
        70
      ],
      [
        155,
        69
      ],
      [
        155,
        68
      ],
      [
        155,
        67
      ],
      [
        155,
        66
      ],
      [
        155,
        65
      ],
      [
        155,
        64
      ],
      [
        155,
        63
      ],
      [
        155,
        62
      ],
      [
        155,
        61
      ],
      [
        155,
        60
      ],
      [
        155,
        59
      ],
      [
        155,
        58
      ],
      [
        155,
        57
      ],
      [
        155,
        56
      ],
      [
        155,
        55
      ],
      [
        155,
        54
      ],
      [
        155,
        53
      ],
      [
        155,
        52
      ],
      [
        155,
        51
      ],
      [
        155,
        50
      ],
      [
        155,
        49
      ],
      [
        155,
        48
      ],
      [
        155,
        47
      ],
      [
        155,
        46
      ],
      [
        155,
        45
      ]
    ],
    "max_rpm": 3000.0,
    "culprit_id": null,
    "evasion_target": null
  },
  "AGV-9AF2": {
    "id": "AGV-9AF2",
    "x": 32163.69723719656,
    "y": 28190.350836109053,
    "theta": -0.809131264222384,
    "v": 0,
    "omega": 0,
    "l_rpm": 0,
    "r_rpm": 0,
    "target": {
      "x": 32200,
      "y": 28000
    },
    "status": "IDLE",
    "mode": "SIMULATION",
    "is_running": false,
    "is_planning": false,
    "path": [
      [
        30100.0,
        27500.0
      ],
      [
        30100.0,
        27700.0
      ],
      [
        30100.0,
        27900.0
      ],
      [
        30100.0,
        28100.0
      ],
      [
        30100.0,
        28300.0
      ],
      [
        30166.666666666668,
        28500.0
      ],
      [
        30300.0,
        28700.0
      ],
      [
        30500.0,
        28900.0
      ],
      [
        30700.0,
        29033.333333333332
      ],
      [
        30900.0,
        29100.0
      ],
      [
        31100.0,
        29100.0
      ],
      [
        31300.0,
        29033.333333333332
      ],
      [
        31500.0,
        28900.0
      ],
      [
        31700.0,
        28700.0
      ],
      [
        31900.0,
        28500.0
      ],
      [
        32066.666666666668,
        28266.666666666668
      ],
      [
        32200,
        28000
      ]
    ],